,No.,Ticker,Market Cap,Dividend,ROA,ROE,ROI,Curr R,Quick R,LTDebt/Eq,Debt/Eq,Gross M,Oper M,Profit M,Price,Change,Volume
1,1,A,41.06B,0.01,0.12,0.24,0.15,2.2,1.6,0.53,0,0.54,0.22,0.19,136.82,0.01,1163313
2,2,AA,14.97B,0.01,0.03,0.11,0.05,1.6,1,0.37,0.37,0.25,0.08,0.04,80.73,0.07,8420623
3,3,AAAU,,,,,,,,,,,,,19.26,0,617732
4,4,AAC,1.22B,,0.02,0.02,,0.4,0.4,0,0,,,,9.76,0,31136
5,5,AACG,43.15M,,0.18,0.49,0.48,0.3,0.3,0,0,0.47,0.53,0.51,1.38,0.06,37654
6,6,AACI,203.99M,,,,,0.4,0.4,0,0,,,,9.85,0,10
7,7,AACIW,,,,,,,,,,,,,0.25,0.09,8253
8,8,AADI,407.15M,,1.35,1.47,0.15,14,14,0.04,0.04,,,,19.49,0.08,116962
9,9,AADR,,0,,,,,,,,,,,58.48,0.03,8327
10,10,AAIC,106.97M,,0.01,0.06,0.01,,,0.67,3.05,0.35,,0.99,3.52,0.01,72431
11,11,AAL,10.74B,,0.03,0.26,0.02,0.9,0.8,,,0.57,0.04,0.07,16.55,0,41851594
12,12,AAME,51.15M,0.01,0.03,0.09,0.08,,,0.24,0.24,,0.09,0.06,2.51,0.05,2400
13,13,AAN,716.57M,0.02,0.08,0.15,0.15,,,0.01,0.01,0.63,0.08,0.06,23.13,0.03,211114
14,14,AAOI,91.33M,,0.12,0.2,0.14,1.8,0.9,0.33,0.56,0.18,0.27,0.26,3.32,0.01,137025
15,15,AAON,2.95B,0.01,0.11,0.15,0.12,2.5,1,0.1,0.1,0.26,0.13,0.11,56.23,0.01,158364
16,16,AAP,12.72B,0.02,0.05,0.19,0.16,1.2,0.3,0.33,0,0.45,0.08,0.06,208.18,0,765072
17,17,AAPL,2621.23B,0.01,0.29,1.5,0.5,1,1,1.48,1.71,0.43,0.31,0.27,160.62,0.01,75428856
18,18,AAQC,388.80M,,,,,,,,,,,,9.72,0,24175
19,19,AAT,2.25B,0.03,0.01,0.02,0.03,,,1.33,1.33,0.66,0.25,0.08,37.17,0.02,158510
20,20,AATC,35.44M,0.07,0.11,0.12,0.05,13.2,12.4,0,0,0.78,0.18,0.18,6.6,0.02,6833
1,21,AJG,34.44B,0.01,0.03,0.11,0.08,1.1,1.1,0.68,0.74,0.37,0.15,0.11,165.14,0.02,963718
2,22,AKAM,18.48B,,0.08,0.15,0.11,2.4,2.4,0.44,0.44,0.63,0.23,0.19,115.23,0.02,1708543
3,23,ALB,22.98B,0.01,0.01,0.02,0.1,1.1,0.6,0.36,0.43,0.3,0.23,0.04,196.37,0.03,705384
4,24,ALGN,33.53B,,0.14,0.22,0.22,1.3,1.2,0,0,0.74,0.26,0.2,425.48,0.01,626101
5,25,ALK,6.84B,,0.03,0.14,0.08,1,1,0.57,0.67,0.52,0.11,0.08,54.32,0.01,2008564
6,26,ALL,36.44B,0.03,0.01,0.06,0.17,,,0.34,0.34,,0.13,0.03,130.92,0.04,2343407
7,27,ALLE,10.39B,0.01,0.16,0.62,0.22,1.9,1.2,1.88,1.9,0.42,0.19,0.17,117.79,0.01,575167
8,28,AMAT,116.60B,0.01,0.26,0.54,0.34,2.5,1.8,0.46,0,0.48,0.31,0.27,131.99,0.01,6776797
9,29,AMCR,17.57B,0.04,0.06,0.21,0.1,1.3,0.7,1.47,1.49,0.2,0.1,0.07,11.61,0.01,6958443
10,30,AMD,181.76B,,0.29,0.45,0.4,2,1.6,0,0.04,0.48,0.22,0.19,111.69,0.03,102964915
11,31,AME,30.76B,0.01,0.09,0.15,0.11,1.4,0.9,0.32,0.37,0.35,0.24,0.18,132.75,0.01,796624
12,32,AMGN,131.38B,0.03,0.1,0.73,0.17,1.6,1.3,4.96,4.97,0.75,0.29,0.23,235.86,0.02,3261540
13,33,AMP,33.21B,0.02,0.02,0.49,0.1,,,0.88,4.47,0.48,0.26,0.21,299.9,0.02,616445
14,34,AMT,111.75B,0.02,0.04,0.51,0.06,0.4,0.4,7.61,8.51,0.71,0.33,0.27,245.14,0.02,1875265
15,35,AMZN,1600.19B,,0.09,0.28,0.1,1.1,0.9,0.47,0.48,0.42,0.05,0.07,3144.78,0.03,3585217
16,36,ANET,38.78B,,0.16,0.22,0.21,4.3,3.7,0,0,0.64,0.31,0.29,126,0.01,2422606
17,37,ANSS,27.01B,,0.08,0.11,0.09,2.1,2.1,0.17,0,0.87,0.27,0.24,309.63,0,817568
18,38,ANTM,115.37B,0.01,0.06,0.17,0.12,,,0.59,0.64,,0.06,0.04,478.13,0.02,1246064
19,39,AON,67.59B,0.01,0.04,0.42,0.15,1,1,7.8,8.91,,0.18,0.1,315.93,0.02,1534983
20,40,AOS,10.68B,0.02,0.15,0.26,0.24,1.6,1.2,0.1,0.11,0.37,0.18,0.14,68,0.01,805135
1,41,APA,13.67B,0.01,0.07,0.79,0.31,1.1,0.9,,,0.65,0.3,0.12,39.43,0.07,9273397
2,42,APD,50.67B,0.03,0.08,0.16,0.09,2.5,2.3,0.52,0.53,0.29,0.21,0.2,228.55,0.02,1431549
3,43,APH,45.47B,0.01,0.11,0.27,0.15,2.4,1.7,0.76,0.76,0.31,0.19,0.15,75.92,0.01,1971026
4,44,APTV,31.30B,,0.03,0.06,0.08,2,1.5,0.49,0.49,0.16,0.07,0.03,115.7,0.01,1673595
5,45,ARE,32.99B,0.02,0.02,0.04,0.02,,,0.54,0.54,0.71,0.19,0.27,194.02,0.01,625948
6,46,ATO,15.50B,0.02,,,0.05,1,0.9,0.67,0.96,0.68,,,114.47,0,736844
7,47,ATVI,61.47B,0.01,0.11,0.16,0.13,5.2,5.2,0.21,0.21,0.74,0.37,0.31,78.89,0,7834194
8,48,AVB,34.37B,0.03,0.05,0.09,0.02,,,0.74,0.74,0.63,0.16,0.44,245.97,0.01,554133
9,49,AVGO,246.06B,0.03,0.1,0.31,0.13,2.4,2.2,1.71,1.72,0.63,0.34,0.26,602.67,0.01,1812204
10,50,AVY,14.09B,0.02,0.1,0.42,0.15,1.1,0.7,1.45,1.61,0.28,0.12,0.09,171.08,0.01,536665
11,51,AWK,28.61B,0.02,0.05,0.18,0.09,0.7,0.7,1.42,1.51,,0.49,0.32,157.43,0.01,638081
12,52,AXP,141.98B,0.01,0.04,0.33,0.06,,,1.74,5.65,0.69,0.25,0.19,186.97,0.04,6393549
13,53,AZO,40.13B,,0.15,1.2,0.63,0.8,0.2,,,0.53,0.19,0.14,1945.3,0.01,207846
14,54,BA,110.88B,,0.03,0.26,0.05,1.3,0.4,,,0.05,0.05,0.07,190.19,0.01,8101540
15,55,BAC,347.03B,0.02,0.01,0.12,0.06,,,1.1,2.02,,1,0.64,43.03,0.01,50185570
16,56,BAX,39.90B,0.01,0.06,0.15,0.06,2.1,1.5,1.89,1.95,0.4,0.13,0.1,79.44,0.01,2658732
17,57,BBWI,12.56B,0.02,0.19,1.76,0.24,2.1,1.3,,,0.49,0.25,0.23,48.73,0,2943742
18,58,BBY,23.89B,0.03,0.13,0.58,0.43,1.1,0.4,0.29,0.29,0.23,0.06,0.05,99.29,0,1989549
19,59,BDX,74.69B,0.01,0.03,0.07,0.06,1.2,0.8,0.68,0.72,0.46,0.11,0.08,262.29,0.01,1193235
20,60,BEN,14.03B,0.04,0.08,0.17,0.08,,,0.66,0,,0.23,0.22,27.94,0,3081168
1,61,BFB,30.12B,0.01,0.12,0.3,0.19,3.5,1.8,0.82,0.92,0.6,0.3,0.22,64.51,0.01,688853
2,62,BIIB,30.17B,,0.07,0.15,0.15,1.8,1.5,0.58,0.67,0.81,0.26,0.14,205.32,0.01,1032987
3,63,BIO,17.37B,,0.25,0.33,0.05,2.9,2.1,0,0,0.57,0.17,,574.84,0.02,140498
4,64,BK,42.38B,0.03,0.01,0.09,0.03,,,0.7,0.7,,,,52.51,0.01,7147771
5,65,BKNG,88.37B,,0.05,0.22,0.11,2.1,2.1,1.45,1.77,,0.21,0.11,2161.14,0.02,386599
6,66,BKR,35.94B,0.02,0.01,0.01,0.03,1.7,1.2,0.4,0.41,0.2,0.07,0.01,34.98,0.04,15842733
7,67,BLK,112.65B,0.02,0.04,0.16,0.12,,,0.2,0,0.82,0.39,0.31,740.93,0.01,544150
8,68,BLL,29.44B,0.01,0.05,0.24,0.1,0.9,0.6,2.13,2.13,0.2,0.09,0.06,91.57,0.01,1433999
9,69,BMY,153.71B,0.03,0.06,0.19,0.09,1.5,1.4,1.1,1.24,0.79,0.19,0.15,70.52,0.01,17140276
10,70,BR,17.78B,0.02,0.07,0.31,0.09,1.2,1.2,2.38,0,0.28,0.13,0.1,152.29,0.01,474702
11,71,BRKB,838.28B,,,,,,,,,,,,344.97,0.03,6883494
12,72,BRO,19.20B,0.01,0.06,0.14,0.1,1.2,1.2,0.47,0.48,,0.27,0.19,68.03,0.02,1814728
13,73,BSX,63.08B,,0.03,0.06,0.05,1.5,1.1,0.53,0.55,0.68,0.1,0.08,44.21,0.01,8112761
14,74,BWA,9.20B,0.02,0.03,0.08,0.09,1.7,1.3,0.61,0.62,0.19,0.08,0.04,38.35,0.01,2078396
15,75,BXP,19.54B,0.03,0.02,0.09,0.05,,,2.25,2.25,0.64,0.32,0.17,124.74,0.01,536024
16,76,C,113.49B,0.04,0.01,0.11,0.09,,,1.36,0,,0.9,0.41,57.29,0.01,21388506
17,77,CAG,15.38B,0.04,0.05,0.13,0.09,0.9,0.4,0.98,1.08,0.26,0.14,0.1,32.06,0.01,5730668
18,78,CAH,15.85B,0.03,0.01,0.37,0.09,1.1,0.6,5.35,5.65,0.04,0,0,57.19,0.06,6566728
19,79,CARR,40.19B,0.01,0.07,0.25,0.12,1.7,1.4,1.41,1.43,0.29,0.13,0.08,47.12,0.01,3765456
20,80,CAT,118.81B,0.02,0.08,0.39,0.09,1.5,1,1.58,2.29,0.3,0.14,0.13,221.7,0.03,3598883
1,81,CB,89.98B,0.02,0.04,0.14,0.09,,,0.26,0.28,,0.19,0.21,211.1,0,1644813
2,82,CBOE,12.54B,0.02,0.07,0.15,0.12,1.3,1.3,0.36,0.36,0.42,0.23,0.15,117.64,0.02,668125
3,83,CBRE,30.26B,,0.1,0.23,0.09,1.2,1.2,0.19,0.35,0.22,0.06,0.07,91.05,0,2226822
4,84,CCI,76.47B,0.03,0.03,0.13,0.06,0.6,0.6,2.49,2.5,0.69,0.29,0.17,176.92,0.02,1411009
5,85,CCL,21.56B,,0.17,0.59,0.17,1,0.9,2.35,2.74,0.42,,,19.15,0.01,38532485
6,86,CDAY,10.03B,,0.01,0.03,0.02,1.1,1.1,0.5,0.51,0.37,0.09,0.07,65.96,0.03,991558
7,87,CDNS,42.52B,,0.17,0.27,0.23,1.8,1.6,0.13,0,0.9,0.26,0.23,153.32,0.02,1638776
8,88,CDW,23.80B,0.01,0.1,1.05,0.15,1.3,1.1,9.57,9.72,0.17,0.07,0.05,176.41,0.02,546333
9,89,CE,15.40B,0.02,0.17,0.49,0.2,1.5,0.9,0.76,0.95,0.31,0.23,0.22,142.57,0,1030023
10,90,CEG,16.66B,0.01,,,0.03,1,0.8,0.44,0.73,0.38,0.02,0.01,50.99,0.02,2202165
11,91,CERN,27.51B,0.01,0.07,0.14,0.1,1.5,1.5,0.44,0.5,0.83,0.12,0.1,93.78,0,2037018
12,92,CF,19.12B,0.01,0.08,0.3,0.21,1.8,1.5,1.08,1.08,0.37,0.26,0.14,92.21,0.05,5447479
13,93,CFG,21.00B,0.03,0.01,0.1,0.15,,,0.23,0.33,,,0.46,49.74,0.01,4722043
14,94,CHD,23.61B,0.01,0.11,0.25,0.15,0.6,0.3,0.5,0.79,0.44,0.21,0.16,97.28,0,1067319
15,95,CHRW,13.40B,0.02,0.13,0.44,0.22,1.4,1.4,0.69,1,0.14,0.05,0.04,104.02,0.02,944848
16,96,CHTR,99.78B,,0.03,0.26,0.09,0.3,0.3,6.3,6.52,0.45,0.2,0.09,577.65,0.01,1243812
17,97,CI,77.80B,0.02,0.04,0.11,0.08,,,0.66,0.71,,0.05,0.03,242.39,0.02,2136085
18,98,CINF,21.22B,0.02,0.1,0.25,0.21,,,0.06,0.07,,0.39,0.31,132.27,0.01,649881
19,99,CL,63.15B,0.02,0.14,4.5,0.33,1.1,0.7,11.81,11.9,0.6,0.19,0.12,75.13,0,4186705
20,100,CLX,16.35B,0.03,0.04,0.54,0.22,0.7,0.4,6.03,9.17,0.38,0.05,0.04,132.83,0.01,1045548
1,101,CMA,12.41B,0.03,0.01,0.15,0.19,,,0.37,0.37,,,0.6,94.68,0.01,1357211
2,102,CMCSA,210.70B,0.02,0.05,0.15,0.08,0.8,0.8,1.02,1.04,0.67,0.18,0.12,46.48,0.01,16253435
3,103,CME,88.51B,0.01,0.01,0.1,0.08,1,1,0.1,0.13,,0.65,0.56,246.28,0.02,1349364
4,104,CMG,43.83B,,0.1,0.29,0.28,1.6,1.5,0,0,0.28,0.11,0.09,1563.55,0.01,195771
5,105,CMI,29.26B,0.03,0.09,0.26,0.17,1.7,1.1,0.42,0.49,0.24,0.11,0.09,205.41,0,732401
6,106,CMS,19.36B,0.03,0.05,0.23,0.05,1.2,0.9,1.89,1.95,0.66,0.16,0.19,66.82,0.01,2583238
7,107,CNC,51.28B,,0.02,0.05,0.03,,,0.69,0.7,,0.02,0.01,87.98,0.01,2685841
8,108,CNP,18.29B,0.02,0.04,0.18,0.05,1.7,1.6,1.8,1.87,,0.16,0.17,29.08,0.01,4498731
9,109,COF,56.90B,0.02,0.03,0.21,0.23,,,0.75,0.75,,,0.46,137.55,0,3152741
10,110,COO,20.60B,0,0.09,0.14,0.35,1,0.7,0.34,0.47,0.67,0.17,0.31,417.82,0.03,326720
11,111,COP,128.43B,0.01,0.09,0.18,0.11,1.3,1.2,0.41,0.44,0.48,0.25,0.18,98.83,0.04,8801540
12,112,COST,245.01B,0.01,0.09,0.31,0.2,1,0.5,0.34,0.34,0.13,0.04,0.03,552.79,0.02,1903551
13,113,CPB,12.89B,0.03,0.08,0.29,0.15,0.9,0.5,1.36,1.5,0.32,0.17,0.11,42.74,0,1438043
14,114,CPRT,30.30B,,0.23,0.3,0.24,5.2,5.1,0.1,0,0.48,0.41,0.35,127.6,0.02,1251007
15,115,CRL,14.22B,,0.06,0.17,0.1,1.2,1,1.05,1.05,0.38,0.17,0.11,281.7,0.04,548038
16,116,CRM,207.25B,,0.03,0.05,0.03,1.1,1.1,0.19,0,0.74,0.04,0.09,210.41,0.02,5808824
17,117,CSCO,233.34B,0.03,0.12,0.29,0.19,1.4,1.3,0.23,0.29,0.63,0.27,0.23,56.17,0.01,18823831
18,118,CSX,79.62B,0.01,0.09,0.28,0.15,1.7,1.6,1.2,1.21,0.76,0.45,0.3,36.3,0.02,17770793
19,119,CTAS,40.97B,0.01,0.14,0.32,0.19,1.2,1,0.38,0.69,0.47,0.2,0.15,394.98,0.02,298618
20,120,CTLT,19.07B,,0.06,0.14,0.1,2.8,2.2,0.94,0.94,0.34,0.2,0.13,106.44,0.04,1188487
1,121,CTRA,20.13B,0.02,0.14,0.25,0.08,1.8,1.7,0.27,0.27,0.76,0.45,0.34,24.74,0.05,15415548
2,122,CTSH,47.51B,0.01,0.13,0.19,0.17,2.1,2.1,0.05,0.06,0.37,0.15,0.12,90.58,0.01,2304999
3,123,CTVA,40.56B,0.01,0.04,0.07,0.02,1.6,1.1,0.04,0.04,0.41,0.07,0.11,55.79,0.02,4395848
4,124,CTXS,12.69B,0.01,0.05,0.83,0.1,0.7,0.7,6.08,6.08,0.81,0.07,0.1,101.11,0,2242920
5,125,CVS,142.49B,0.02,0.03,0.11,0.08,0.9,0.6,0.69,0.75,0.4,0.04,0.03,108.56,0.01,5580913
6,126,CVX,312.46B,0.04,0.07,0.12,0.07,1.3,1,0.22,0.23,0.43,0.11,0.1,160.44,0.02,15598218
7,127,CZR,17.04B,,0.03,0.21,0.05,1.1,1.1,5.84,5.85,0.48,0.13,0.11,79.59,0,1660296
8,128,D,67.02B,0.03,0.03,0.13,0.04,0.8,0.7,1.47,1.59,1,0.22,0.23,82.69,0.02,5910818
9,129,DAL,23.77B,,0,0.14,0.05,0.8,0.7,6.47,6.93,0.39,0.05,0.01,37.15,0.01,16758731
10,130,DD,38.88B,0.02,0.14,0.24,0.06,1.9,1.2,0.4,0.41,0.35,0.16,0.39,75.81,0.02,3059502
11,131,DE,124.60B,0.01,0.07,0.34,0.1,,,1.84,2.66,0.33,0.18,0.13,406.15,0.05,2778383
12,132,DFS,32.37B,0.02,0.05,0.45,0.24,,,1.08,1.64,,0.87,0.5,113.62,0,2182910
13,133,DG,51.43B,0.01,0.1,0.39,0.26,1.1,0.2,0.67,0,0.32,0.1,0.07,221.94,0.04,4385313
14,134,DGX,17.34B,0.02,0.15,0.31,0.17,1.6,1.4,0.62,0.62,0.4,0.22,0.18,145.16,0.01,1378344
15,135,DHI,29.48B,0.01,0.2,0.32,0.21,,,0.22,0.34,0.29,0.2,0.16,83.2,0.02,2693896
16,136,DHR,201.30B,0,0.08,0.16,0.1,1.4,1.1,0.53,0.53,0.61,0.25,0.21,281.4,0.01,2560455
17,137,DIS,253.92B,,0.02,0.04,0.02,1.1,1.1,0.53,0.6,0.34,0.07,0.04,139.47,0.01,6807112
18,138,DISCA,13.03B,,0.02,0.07,0.07,2.1,2.1,1.26,1.29,0.62,0.16,0.07,25.71,0,4457003
19,139,DISCK,,,,,,,,,,,,,25.71,0,3075515
20,140,DISH,16.63B,,0.06,0.17,0.07,1.2,1.1,1.25,1.38,0.34,0.18,0.14,31.44,0.02,1768364
1,141,DLR,39.31B,0.04,0.05,0.1,0.02,,,0.78,0.78,0.63,0.15,0.38,138.22,0.02,965896
2,142,DLTR,34.90B,,0.07,0.21,0.13,1.3,0.2,0.45,0.45,0.29,0.08,0.06,155.13,0.02,1907069
3,143,DOV,22.66B,0.01,0.12,0.29,0.17,1.4,0.8,0.72,0.75,0.38,0.19,0.14,157.33,0.01,457286
4,144,DOW,46.23B,0.04,0.1,0.39,0.17,1.6,1,0.79,0.81,0.2,0.14,0.11,62.84,0.05,9418519
5,145,DPZ,14.76B,0.01,0.3,0.13,0.77,1.5,1.3,,,0.39,0.18,0.12,409.46,0.01,293305
6,146,DRE,21.33B,0.02,0.09,0.15,0.1,,,0.62,0.62,0.71,0.87,0.77,55.73,0.02,1275090
7,147,DRI,16.66B,0.03,0.09,0.35,0.16,0.9,0.7,0.69,0.69,0.21,0.12,0.11,130.44,0.01,1387062
8,148,DTE,24.76B,0.03,0.02,0.09,0.05,0.5,0.4,1.67,2.09,,0.07,0.06,127.78,0,1226685
9,149,DUK,81.94B,0.04,0.02,0.08,0.05,0.6,0.4,1.28,1.42,0.72,0.21,0.15,106.5,0.01,2674085
10,150,DVA,10.84B,,0.06,0.88,0.15,1.3,1.3,11.55,11.79,0.31,0.16,0.08,112.56,0,763408
11,151,DVN,38.20B,0.01,0.14,0.32,0.2,1.4,1.4,0.73,0.73,0.49,0.27,0.23,57.52,0.1,14524625
12,152,DXC,7.97B,,0.03,0.13,0.01,1.1,1.1,0.89,1.04,0.21,0.02,0.04,32.61,0,2113281
13,153,DXCM,44.14B,,0.03,0.08,0.06,5.1,4.6,0.78,0.78,0.7,0.11,0.06,454.73,0.04,795448
14,154,EA,35.20B,0.01,0.05,0.08,0.09,1.2,1.2,0.25,0,0.73,0.14,0.1,125.18,0.01,1296930
15,155,EBAY,32.71B,0.01,0.52,1.46,0.15,2,2,0.79,0.93,0.75,0.28,,55.67,0.02,5770282
16,156,ECL,49.23B,0.01,0.06,0.17,0.08,1.3,0.9,1.16,1.21,0.41,0.12,0.09,171.67,0.01,2657161
17,157,ED,31.87B,0.03,0.02,0.07,0.05,1,0.9,1.13,1.22,0.82,0.17,0.1,90.01,0,1913416
18,158,EFX,29.23B,0.01,0.07,0.21,0.11,0.5,0.5,1.25,1.48,0.6,0.23,0.15,239.42,0.02,778447
19,159,EIX,25.20B,0.04,0.01,0.05,0.04,0.6,0.6,1.74,1.98,0.63,0.1,0.05,66.19,0,1408383
20,160,EL,97.70B,0.01,0.15,0.55,0.19,1.7,1.3,0.85,0.89,0.76,0.18,0.18,272.39,0.01,1687197
1,161,EMN,13.84B,0.03,0.05,0.14,0.1,1.6,1.1,0.77,0.9,0.24,0.12,0.08,107.29,0,1999574
2,162,EMR,56.72B,0.02,0.11,0.29,0.15,2,1.6,0.85,0.85,0.41,0.17,0.15,95.49,0.02,3642328
3,163,ENPH,24.22B,,0.07,0.24,0.13,3.3,3.2,2.21,2.41,0.4,0.12,0.11,180.85,0.02,2311906
4,164,EOG,69.00B,0.03,0.13,0.22,0.18,2.1,2,0.23,0.23,0.64,0.33,0.25,117.87,0.04,4229097
5,165,EPAM,15.54B,,0.15,0.21,0.19,3,3,0.01,0.02,0.34,0.14,0.13,273.19,0.03,1482802
6,166,EQIX,65.31B,0.02,0.02,0.05,0.04,1.8,1.8,1.25,1.26,0.48,0.15,0.08,719.86,0.02,312067
7,167,EQR,33.58B,0.03,0.07,0.13,0.09,,,0.74,0.76,0.62,0.68,0.54,89.32,0.01,1115679
8,168,ES,29.02B,0.03,0.03,0.09,0.05,0.6,0.5,1.2,1.39,,0.2,0.12,84.26,0,2012612
9,169,ESS,22.37B,0.02,0.04,0.08,,,,1.05,1.05,0.69,0.36,0.34,342.74,0,384983
10,170,ETN,61.69B,0.02,0.06,0.14,0.09,1,0.6,0.42,0.52,0.32,0.16,0.11,154.69,0.01,1389476
11,171,ETR,22.41B,0.04,0.02,0.1,0.04,0.6,0.4,2.13,2.33,0.88,0.16,0.1,110.39,0,1402630
12,172,ETSY,18.00B,,0.15,0.83,0.16,2.2,2.2,3.8,3.8,0.72,0.2,0.21,141.68,0.06,2581839
13,173,EVRG,14.91B,0.04,0.03,0.1,0.06,0.6,0.4,1.01,1.21,,0.24,0.16,65,0,1309711
14,174,EW,70.14B,,0.19,0.28,0.23,3.1,2.4,0.1,0.1,0.76,0.32,0.29,112.54,0.03,1951221
15,175,EXC,42.59B,0.03,0.01,0.05,0.03,0.9,0.8,1.04,1.23,0.55,0.08,0.05,43.45,0,7306910
16,176,EXPD,17.93B,0.01,0.17,0.33,0.2,1.9,1.9,0,0,0.27,0.08,0.06,105.87,0.03,1493526
17,177,EXPE,29.90B,,0.01,0.18,0.04,0.9,0.9,3.75,4.11,0.82,0.04,0.03,192,0,1979997
18,178,EXR,26.30B,0.03,0.09,0.28,0.11,,,1.91,1.91,0.75,0.62,0.52,196.03,0.01,759429
19,179,F,66.39B,0.02,0.07,0.47,0.02,1.2,1.1,1.82,2.85,0.12,0.02,0.13,16.58,0,57929191
20,180,FANG,23.75B,0.01,0.1,0.19,0.18,1,1,0.55,0.55,0.81,0.58,0.32,133.88,0.07,3421705
1,181,FAST,32.89B,0.02,0.22,0.32,0.27,4.2,2,0.11,0.13,0.46,0.2,0.15,57.14,0.02,3345372
2,182,FB,565.73B,,0.24,0.3,0.31,3.2,3.2,0,0,0.81,0.4,0.33,207.84,0.02,29410865
3,183,FBHS,11.58B,0.01,0.1,0.26,0.15,1.4,0.8,0.75,0.88,0.36,0.14,0.1,86.29,0.01,742626
4,184,FCX,70.69B,0.01,0.09,0.34,0.26,2.5,1.8,0.65,0.68,0.39,0.37,0.19,48.59,0.05,17983458
5,185,FDS,16.15B,0.01,0.18,0.39,0.26,3.5,3.5,0.52,0.52,0.51,0.29,0.25,427.14,0.02,230431
6,186,FDX,60.41B,0.01,0.06,0.21,0.08,1.5,1.5,0.82,0.82,0.7,0.06,0.06,227.98,0.01,5279494
7,187,FE,25.12B,0.04,0.03,0.17,0.06,0.7,0.7,2.56,2.75,0.73,0.19,0.12,44.05,0,4743057
8,188,FFIV,12.18B,,0.07,0.15,0.12,1.2,1.2,0.14,0.15,0.81,0.15,0.13,200.45,0.02,313011
9,189,FIS,58.03B,0.02,0.01,0.01,0.01,0.7,0.7,0.31,0.43,0.37,0.05,0.03,95.2,0,2970419
10,190,FISV,65.25B,,0.02,0.04,0.04,1,1,0.67,0.69,0.5,0.14,0.08,100.04,0.02,3243135
11,191,FITB,32.06B,0.03,0.01,0.13,0.15,,,0.59,0.59,,0.99,0.51,46.75,0.02,8776724
12,192,FLT,18.45B,,0.07,0.26,0.11,1,1,1.56,2.09,,0.43,0.3,236.82,0,353144
13,193,FMC,16.30B,0.02,0.07,0.24,0.15,1.4,1,0.9,1.05,0.43,0.21,0.15,129.64,0.03,1064970
14,194,FOX,21.75B,0.01,,,,,,,,,,,37.05,0.01,1032913
15,195,FOXA,21.88B,0.01,0.06,0.13,0.12,3,2.6,0.64,0.71,0.36,0.19,0.11,40.28,0.01,4949954
16,196,FRC,30.34B,0.01,0.01,0.12,0.26,,,0.14,0.14,,0.93,0.31,168.93,0,884653
17,197,FRT,9.25B,0.04,0.03,0.11,0.06,,,1.7,1.7,0.67,0.42,0.27,117.63,0,390121
18,198,FTI,3.33B,,0,0,0.03,1.4,1.1,0.52,0.6,0.13,0,0,7.39,0.05,9666671
19,199,FTNT,48.81B,,0.11,0.62,0.36,1.6,1.5,1.26,0,0.77,0.2,0.18,303.48,0.02,1623399
20,200,FTV,21.90B,0,0.04,0.06,0.05,0.7,0.5,0.19,0.42,0.57,0.15,0.11,61,0.02,3544060
1,201,GD,64.01B,0.02,0.06,0.2,0.12,1.4,1,0.61,0.67,0.17,0.11,0.09,230.51,0.01,1712210
2,202,GE,105.02B,0,0.03,0.19,0.06,1.3,1,0.76,0.87,0.25,0.06,0.09,95.53,0.01,4348700
3,203,GILD,74.23B,0.05,0.09,0.31,0.16,1.3,1.1,1.2,1.27,0.76,0.36,0.23,59.2,0.02,12446341
4,204,GIS,38.13B,0.03,0.07,0.24,0.12,0.8,0.6,1.15,1.33,0.34,0.17,0.12,63.22,0.01,3712089
5,205,GL,9.80B,0.01,0.03,0.09,0.08,,,0.18,0.23,,0.19,0.15,98.62,0.01,630069
6,206,GLW,31.89B,0.03,0.04,0.09,0.08,1.6,1.1,0.57,0.57,0.36,0.15,0.08,37.7,0.01,4915114
7,207,GM,63.44B,,0.04,0.18,0.04,1.1,0.9,1.27,1.83,0.14,0.07,0.08,43.66,0,13793881
8,208,GNRC,19.76B,,0.14,0.31,0.18,1.6,0.7,0.41,0.44,0.36,0.19,0.15,309.84,0.01,526650
9,209,GOOG,1847.97B,,,,,,,,,,,,2692.01,0.01,1170469
10,210,GOOGL,1773.21B,,0.22,0.32,0.24,2.9,2.9,0.06,0.06,0.57,0.31,0.3,2676.78,0,1380613
11,211,GPC,18.18B,0.03,0.06,0.27,0.15,1.2,0.6,0.69,0.69,0.35,0.06,0.05,128.05,0,1083033
12,212,GPN,37.62B,0.01,0.02,0.04,0.03,1.1,1.1,0.45,0.47,0.56,0.16,0.11,133.43,0,1673689
13,213,GRMN,22.46B,0.02,0.15,0.19,0.18,2.9,2.1,0,0,0.58,0.25,0.22,116.51,0.04,2189749
14,214,GS,116.00B,0.02,0.02,0.23,0.02,,,2.66,9.03,0.84,0.42,0.33,343.27,0.01,2391455
15,215,GWW,25.46B,0.01,0.16,0.57,0.28,2.6,1.4,1.26,1.26,0.36,0.12,0.08,498.09,0.01,191933
16,216,HAL,32.25B,0.01,0.07,0.25,0.13,2.3,1.8,1.37,1.38,0.13,0.12,0.1,35.89,0.06,13932347
17,217,HAS,12.46B,0.03,0.04,0.15,0.09,1.5,1.3,1.26,1.33,0.6,0.12,0.07,89.67,0,1009201
18,218,HBAN,21.95B,0.04,0.01,0.07,0.16,,,0.4,0.4,,0.97,0.28,15.19,0.02,10354312
19,219,HCA,81.05B,0.01,0.14,,0.23,1.4,1.2,,,0.84,0.17,0.12,266.97,0,1507922
20,220,HD,351.24B,0.02,0.21,7.48,0.37,1.1,0.4,35.47,37.82,0.34,0.14,0.1,336.36,0.02,3121521
1,221,HES,30.09B,0.01,0.03,0.1,0.08,1.4,1.3,1.29,1.38,0.71,0.25,0.08,97.14,0.03,3209985
2,222,HIG,23.33B,0.02,0.03,0.13,0.12,,,0.28,0.28,,0.14,0.11,70.34,0.01,2876377
3,223,HII,7.89B,0.02,0.06,0.24,0.07,1.1,1.1,1.17,0,0.14,0.05,0.06,197.33,0.02,540105
4,224,HLT,42.19B,,0.03,0.33,0.1,1,1,,,0.4,0.16,0.07,151.14,0,1666046
5,225,HOLX,18.47B,,0.2,0.42,0.27,2.7,2.3,0.63,0.68,0.66,0.41,0.31,73.9,0.02,1407483
6,226,HON,131.63B,0.02,0.09,0.31,0.15,1.3,1,0.77,1.06,0.32,0.21,0.16,191.93,0,3086067
7,227,HPE,21.74B,0.03,0.07,0.2,0.1,0.9,0.7,0.51,0.69,0.34,0.13,0.13,16.72,0,10838013
8,228,HPQ,36.33B,0.03,0.18,2.31,1.13,0.7,0.4,,,0.21,0.12,0.1,34.49,0.04,20446128
9,229,HRL,27.09B,0.02,0.08,0.13,0.09,2.2,1.2,0.47,0.47,0.17,0.1,0.08,49.7,0.01,1097621
10,230,HSIC,11.90B,,0.08,0.19,0.15,1.7,0.9,0.24,0.25,0.3,0.07,0.05,86.75,0.01,738180
11,231,HST,13.45B,0.01,0,0,0.02,,,0.76,0.76,,0.09,0,18.84,0,6237171
12,232,HSY,42.43B,0.02,0.16,0.6,0.21,0.9,0.5,1.48,1.82,0.45,0.22,0.17,206.71,0,1077540
13,233,HUM,55.90B,0.01,0.07,0.19,0.09,,,0.66,0.8,,0.04,0.04,441.09,0,1222861
14,234,HWM,14.64B,0,0.02,0.07,0.07,2.2,1.1,1.22,1.23,0.28,0.12,0.05,34.94,0,2160707
15,235,IBM,115.08B,0.05,0.04,0.27,0.07,0.9,0.8,2.38,2.74,0.55,0.08,0.1,127.96,0.01,3668796
16,236,ICE,75.06B,0.01,0.03,0.19,0.09,1,1,0.55,0.61,0.78,0.53,0.44,133.6,0.02,2076608
17,237,IDXX,44.41B,,0.31,1.03,0.48,1.3,0.9,1.12,1.34,0.59,0.29,0.23,527.09,0.01,348815
18,238,IEX,15.07B,0.01,0.1,0.17,0.13,3.5,2.7,0.42,0.42,0.44,0.23,0.16,197.97,0.01,358110
19,239,IFF,32.23B,0.03,0.01,0.01,0.02,1.9,1.2,0.51,0.54,0.32,0.05,0.02,126.56,0.01,1401141
20,240,ILMN,53.11B,,0.06,0.1,0.02,2.5,2.1,0.16,0.16,0.7,0.03,0.17,338.26,0.04,860553
1,241,INCY,16.46B,,0.23,0.3,0.25,3.7,3.6,0.01,0.01,0.96,0.2,0.32,74.35,0,1266181
2,242,INTC,191.91B,0.03,0.12,0.23,0.13,2.1,1.7,0.35,0.4,0.55,0.25,0.25,47.14,0.01,27862149
3,243,INTU,133.98B,0.01,0.12,0.19,0.17,1.2,1.2,0.43,0,0.82,0.23,0.19,473.75,0.03,2644698
4,244,IP,16.92B,0.04,0.06,0.2,0.05,1.7,1.3,0.59,0.61,0.29,0.05,0.09,44.97,0.02,3176235
5,245,IPG,14.35B,0.03,0.05,0.3,0.17,1,1,0.82,0.84,0.18,0.13,0.09,36.43,0.01,3761107
6,246,IPGP,6.17B,,0.09,0.1,0.1,7.5,6,0.01,0.01,0.48,0.25,0.19,116.63,0,693169
7,247,IQV,42.52B,,0.04,0.16,0.07,0.9,0.9,1.99,2.01,0.34,0.1,0.07,223.24,0.01,907776
8,248,IR,20.73B,0,0.02,0.04,0.05,2.8,2.2,0.38,0.38,0.39,0.11,0.07,50.82,0.01,2417650
9,249,IRM,14.37B,0.05,0.03,0.46,0.07,0.7,0.7,10.55,10.92,0.7,0.19,0.1,49.57,0.01,1167607
10,250,ISRG,101.63B,,0.14,0.15,0.14,5.1,4.6,0,0,0.69,0.32,0.3,282.95,0.02,1771300
11,251,IT,23.87B,,0.11,1.49,0.26,0.8,0.8,6.62,6.64,0.7,0.19,0.17,290.04,0.01,340992
12,252,ITW,66.15B,0.02,0.17,0.78,0.25,1.8,1.3,1.91,2.12,0.41,0.24,0.19,211.38,0.01,850259
13,253,IVZ,9.81B,0.03,0.04,0.13,0.06,,,0.82,0.82,0.69,0.26,0.2,21.3,0,4513741
14,254,J,17.84B,0.01,0.02,0.05,0.05,1.4,1.4,0.51,0.52,0.23,0.05,0.02,138.03,0.02,873477
15,255,JBHT,22.68B,0.01,0.12,0.26,0.18,1.3,1.3,0.3,0.42,0.17,0.09,0.06,216.28,0.01,885790
16,256,JCI,45.58B,0.02,0.04,0.09,0.08,1,0.8,0.43,0.47,0.34,0.12,0.07,64.87,0,4448269
17,257,JKHY,13.42B,0.01,0.15,0.26,0.22,1.3,1.3,0.19,0.19,0.41,0.24,0.19,184.25,0,585530
18,258,JNJ,464.85B,0.02,0.12,0.3,0.19,1.3,1.1,0.41,0.46,0.68,0.24,0.22,176.8,0.01,7459864
19,259,JNPR,11.18B,0.02,0.03,0.06,0.05,1.6,1.4,0.39,0.39,0.58,0.07,0.05,34.65,0.01,5427811
20,260,JPM,413.84B,0.03,0.01,0.18,0.06,,,1.16,1.16,,,0.8,140.15,0.01,17019277
1,261,K,20.76B,0.04,0.08,0.43,0.12,0.6,0.4,1.68,1.91,0.32,0.12,0.11,61.04,0,2160942
2,262,KEY,22.39B,0.03,0.01,0.16,0.14,,,0.78,0.78,,,0.58,24.13,0.01,7442460
3,263,KEYS,28.53B,,0.12,0.26,0.17,3,2.4,0.47,0.47,0.63,0.23,0.19,156.75,0.02,1138589
4,264,KHC,46.20B,0.04,0.01,0.02,0.04,1,0.7,0.43,0.44,0.33,0.14,0.04,37.75,0,4257992
5,265,KIM,14.73B,0.03,0.05,0.11,0.02,,,0.76,0.76,0.69,0.29,0.6,23.88,0,2794816
6,266,KLAC,53.15B,0.01,0.28,0.83,0.32,2.4,1.8,0.85,0.85,0.62,0.39,0.37,352.61,0,1014153
7,267,KMB,40.88B,0.04,0.1,3.57,0.22,0.8,0.5,15.89,16.73,0.32,0.13,0.09,121.34,0,1764264
8,268,KMI,39.82B,0.06,0.03,0.06,0.04,0.7,0.6,1,1.08,0.47,0.18,0.11,17.56,0.02,15740761
9,269,KMX,16.80B,,0.05,0.25,0.04,2.9,0.6,3.44,3.55,0.11,0.05,0.04,103.92,0.02,1118004
10,270,KO,260.52B,0.03,0.11,0.45,0.13,1.1,1,1.66,1.86,0.6,0.28,0.25,60.09,0.01,15568402
11,271,KR,40.92B,0.02,0.02,0.12,0.09,0.8,0.3,1.33,1.44,0.23,0.02,0.01,55.66,0.01,5363148
12,272,L,15.84B,0,0.02,0.09,0.08,,,0.5,0.51,,0.18,0.11,63.8,0.01,980645
13,273,LDOS,14.61B,0.01,0.06,0.18,0.1,1.1,1,1.07,1.18,0.15,0.08,0.06,103.99,0.02,1157358
14,274,LEN,25.77B,0.01,0.14,0.22,0.16,,,0.22,0.31,0.22,0.21,0.16,89.29,0.01,3537427
15,275,LH,25.62B,,0.12,0.23,0.16,1.9,1.8,0.54,0.54,0.35,0.2,0.15,274.33,0,598230
16,276,LHX,48.03B,0.02,0.05,0.09,0.06,1.4,1.2,0.37,0.37,0.3,0.12,0.1,248.79,0.02,1198836
17,277,LIN,157.08B,0.01,0.05,0.09,0.06,0.7,0.6,0.26,0.32,0.43,0.16,0.12,309.37,0.02,2262554
18,278,LKQ,13.30B,0.02,0.09,0.19,0.13,2,0.8,0.48,0.49,0.41,0.11,0.08,46.65,0.01,2333733
19,279,LLY,271.91B,0.01,0.12,0.74,0.21,1.2,1,1.71,1.88,0.74,0.21,0.2,285.51,0.03,3264762
20,280,LMT,116.72B,0.03,0.12,0.76,0.35,1.4,1.2,1.06,1.07,0.14,0.14,0.09,428.59,0.02,2946346
1,281,LNC,11.35B,0.03,0,0.07,0.07,,,0.31,0.33,,0.1,0.07,65.8,0,2106455
2,282,LNT,15.27B,0.03,0.04,0.11,0.06,0.5,0.4,1.12,1.32,0.93,0.22,0.18,60.98,0,1011219
3,283,LOW,157.03B,0.01,0.14,,0.34,1.2,0.4,,,0.33,0.11,0.07,234.38,0.01,3319868
4,284,LRCX,73.42B,0.01,0.29,0.78,0.36,3.1,2.3,0.77,0.77,0.46,0.32,0.28,526.32,0.02,1356369
5,285,LUMN,11.06B,0.09,0.04,0.18,0.09,1.6,1.6,2.32,2.45,0.57,0.22,0.1,10.81,0,8633950
6,286,LUV,25.34B,,0.03,0.1,0.06,2,1.9,0.99,1.03,0.7,0.11,0.06,42.78,0.01,9444082
7,287,LVS,28.55B,,0.05,0.42,0.05,2.1,2.1,7.38,7.41,0.38,0.2,0.23,37.37,0.02,9779157
8,288,LW,7.77B,0.02,0.05,0.45,0.12,2.5,1.6,7.37,7.46,0.19,0.1,0.05,53.49,0.01,1318623
9,289,LYB,34.18B,0.04,0.15,0.52,0.24,1.7,1,0.95,0.98,0.19,0.15,0.12,104.21,0.03,2376752
10,290,LYV,24.97B,,0.05,1.02,0.06,1,1,,,0.31,0.05,0.11,111.17,0.01,2634413
11,291,MA,338.64B,0.01,0.24,1.3,0.4,1.3,1.3,1.79,1.9,,0.53,0.46,346.44,0.01,3242768
12,292,MAA,24.18B,0.02,0.05,0.09,0.04,,,0.75,0.75,0.59,0.25,0.3,209.66,0.01,408061
13,293,MAR,55.88B,,0.04,1.31,0.13,0.6,0.6,6.6,7.17,0.2,0.11,0.08,171.24,0.01,1581918
14,294,MAS,13.66B,0.02,0.07,3.41,0.36,1.8,1.1,,,0.34,0.14,0.05,56.93,0.01,1991612
15,295,MCD,176.58B,0.02,0.14,1.29,0.28,1.8,1.8,,,0.54,0.45,0.33,237.47,0,3751482
16,296,MCHP,41.93B,0.01,0.06,0.17,0.05,1.8,1.2,1.36,1.36,0.65,0.22,0.15,75.42,0.01,3703809
17,297,MCK,44.18B,0.01,0.02,2.36,0.61,1,0.6,,,0.05,0.01,0.01,294.92,0.01,2107462
18,298,MCO,59.60B,0.01,0.16,0.95,0.23,1.6,1.6,2.72,0,0.74,0.46,0.36,321.83,0.02,630584
19,299,MDLZ,86.45B,0.02,0.06,0.16,0.07,0.7,0.5,0.62,0.69,0.39,0.16,0.15,62.27,0.01,7241814
20,300,MDT,147.22B,0.02,0.05,0.1,0.05,2.6,2.1,0.46,0.48,0.69,0.18,0.16,109.74,0.02,5691797
1,301,MET,56.25B,0.03,0.01,0.09,0.09,,,0.25,0.26,,0.13,0.09,68.17,0.01,4794855
2,302,MGM,18.42B,0,0.03,0.19,0.11,1.9,1.8,1.95,2.13,0.48,0.24,0.12,41.94,0.01,4724209
3,303,MHK,9.44B,,0.07,0.12,0.1,1.8,1,0.2,0.28,0.29,0.12,0.09,145.15,0,681099
4,304,MKC,25.95B,0.02,0.06,0.18,0.09,0.7,0.3,0.9,1.2,0.4,0.16,0.12,96.89,0,1350982
5,305,MKTX,13.41B,0.01,0.17,0.25,0.25,,,0,0,0.94,0.48,0.37,354.34,0,272926
6,306,MLM,23.90B,0.01,0.06,0.11,0.07,2.7,1.7,0.78,0,0.25,0.18,0.13,383.08,0.01,395455
7,307,MMC,80.84B,0.01,0.1,0.31,0.15,1.2,1.2,0.99,0.99,,0.22,0.16,160.79,0.02,2487677
8,308,MMM,84.35B,0.04,0.12,0.41,0.19,1.7,1.2,1.07,1.15,0.47,0.21,0.17,147.69,0.02,2785896
9,309,MNST,41.44B,,0.19,0.23,0.21,4.9,4.2,0,0,0.56,0.32,0.25,78.28,0.01,2263424
10,310,MO,93.93B,0.07,0.06,2.99,0.36,0.7,0.6,,,0.54,0.41,0.1,51.69,0.01,7788842
11,311,MOH,19.70B,,0.06,0.27,0.16,1.4,1.4,0.91,0,0.15,0.04,0.02,337.41,0.02,421383
12,312,MOS,22.50B,0.01,0.08,0.16,0.13,1.1,0.5,0.32,0.4,0.26,0.2,0.13,61.1,0.06,11627763
13,313,MPC,43.61B,0.03,0.11,0.37,0.08,1.7,1.3,0.95,0.97,0.09,0.03,0.08,77.15,0.03,7020831
14,314,MRK,199.54B,0.04,0.14,0.39,0.16,1.3,1,0.8,0.87,0.73,0.26,0.27,78.94,0.01,10247822
15,315,MRNA,67.81B,,0.66,1.4,0.82,1.8,1.6,0.04,0.05,0.86,0.72,0.66,168.26,0.01,7712544
16,316,MRO,16.86B,0.01,0.05,0.09,0.08,1.1,1.1,0.37,0.38,0.9,0.22,0.17,23.07,0.07,22927276
17,317,MS,167.19B,0.03,0.01,0.15,0.02,,,2.33,6.71,0.92,0.32,0.24,93.86,0.02,15133241
18,318,MSCI,40.51B,0.01,0.15,2.25,0.23,1.7,1.7,,,0.82,0.51,0.36,498.44,0.01,415778
19,319,MSFT,2213.23B,0.01,0.22,0.48,0.28,2.2,2.2,0.38,0.42,0.69,0.43,0.39,295.22,0,30764446
20,320,MSI,38.82B,0.01,0.11,4.3,0.24,1.3,1.1,,,0.49,0.2,0.15,230.78,0.02,935383
1,321,MTB,23.11B,0.03,0.01,0.11,0.16,,,0.22,0.22,,0.97,0.45,179.07,0.01,848400
2,322,MTCH,27.16B,,0.06,0.68,0.12,1,1,,,0.72,0.29,0.09,95.26,0.03,2771803
3,323,MTD,31.69B,,0.24,4.25,0.42,1.1,0.7,9.22,9.81,0.58,0.26,0.21,1389.13,0.02,104439
4,324,MU,90.16B,0,0.13,0.17,0.12,3.1,2.4,0.15,0.15,0.42,0.27,0.25,80.52,0.01,21389971
5,325,NCLH,8.21B,,0.24,1.34,0.27,0.9,0.9,4.76,5.12,,,,19.69,0.02,23780704
6,326,NDAQ,28.95B,0.01,0.06,0.18,0.1,0.9,0.9,0.75,0.91,0.58,0.26,0.2,176.1,0.02,512671
7,327,NDSN,13.13B,0.01,0.13,0.24,0.17,2.5,1.6,0.36,0.37,0.56,0.27,0.2,226.56,0.02,221610
8,328,NEE,162.30B,0.02,0.03,0.1,0.03,0.5,0.4,1.37,1.47,,0.17,0.21,82.69,0,6339564
9,329,NEM,58.10B,0.03,0.03,0.05,0.01,2.9,2.2,0.28,0.29,0.56,0.1,0.1,73.31,0.01,8207997
10,330,NFLX,164.89B,,0.12,0.35,0.17,1,1,0.93,0.97,0.46,0.21,0.17,371.4,0.04,5721560
11,331,NI,12.22B,0.03,0.02,0.11,0.06,0.7,0.5,1.7,1.81,0.72,0.21,0.11,30.14,0,3781865
12,332,NKE,201.47B,0.01,0.16,0.46,0.27,3.1,2.3,0.63,0.63,0.46,0.16,0.13,127.41,0.02,6836392
13,333,NLOK,15.10B,0.02,0.14,2.74,0.24,0.7,0.7,,,0.85,0.41,0.33,25.93,0.01,12039147
14,334,NLSN,8.60B,0.01,0.09,0.31,0.1,1.7,1.7,1.69,1.7,0.65,0.25,0.28,23.92,0.02,6658292
15,335,NOC,66.94B,0.01,0.17,0.61,0.14,1.3,1.2,0.99,0.99,0.2,0.16,0.2,428.8,0.01,977651
16,336,NOW,113.34B,,0.02,0.07,0.05,1.1,1.1,0.4,0.43,0.77,0.04,0.04,566.68,0.04,1279584
17,337,NRG,9.37B,0.03,0.1,0.75,0.22,1.4,1.3,2.21,2.21,0.24,0.12,0.08,38.68,0.01,2514823
18,338,NSC,65.79B,0.02,0.08,0.21,0.13,0.9,0.8,0.97,1.01,0.53,0.4,0.27,274.39,0,1103416
19,339,NTAP,19.23B,0.02,0.11,1.33,0.24,1.6,1.5,2.7,2.99,0.67,0.21,0.16,86.41,0.02,1740253
20,340,NTRS,24.05B,0.02,0.01,0.14,0.01,,,0.33,15.06,,0.31,0.23,115.68,0,723840
1,341,NUE,36.31B,0.01,0.29,0.53,0.36,2.5,1.3,0.35,0.41,0.3,0.25,0.19,134.93,0,3988132
2,342,NVDA,619.15B,0,0.2,0.35,0.12,7.1,6.5,0.46,0.46,0.65,0.27,0.26,247.66,0.01,47058897
3,343,NVR,16.65B,,0.21,0.41,0.29,,,0.51,0.51,0.25,0.18,0.14,4924.93,0.01,14574
4,344,NWL,9.66B,0.04,0.04,0.14,0.09,1.3,0.7,1.19,1.19,0.31,0.09,0.05,22.7,0.01,1813087
5,345,NWS,13.38B,0.01,,,,,,,,,,,22.75,0.03,469221
6,346,NWSA,13.31B,0.01,0.03,0.06,0.04,1.4,1.3,0.23,0.27,0.5,0.07,0.05,22.42,0.04,3128459
7,347,NXPI,49.82B,0.01,0.09,0.26,0.13,2.1,1.6,1.62,0,0.55,0.23,0.17,189.77,0.01,1394921
8,348,O,39.32B,0.04,0.01,0.02,0.01,,,0.62,0.62,0.94,0.16,0.17,66.49,0.01,3677626
9,349,ODFL,37.07B,0,0.23,0.3,0.28,3,3,0.03,0,0.89,0.27,0.2,322.78,0,467484
10,350,OGN,8.71B,0.03,,,0.32,1.4,1.1,,,0.63,0.32,0.28,34.34,0.04,2647323
11,351,OKE,29.83B,0.06,0.06,0.25,0.11,0.7,0.6,2.12,2.27,0.26,0.16,0.09,66.86,0.03,2923771
12,352,OMC,17.71B,0.03,0.05,0.43,0.18,1,1,1.74,1.74,0.27,0.15,0.1,84.74,0.01,2060498
13,353,ORCL,220.34B,0.02,0.12,,0.18,1.6,,,,0.79,0.37,0.33,80.6,0.01,10401793
14,354,ORLY,46.71B,,0.18,,0.61,0.8,0.1,,,0.53,0.22,0.16,701.32,0,477548
15,355,OTIS,32.46B,0.01,0.11,0.33,0.43,1.3,1.2,,,0.29,0.15,0.09,76.39,0.01,1857720
16,356,OXY,54.18B,0,0.02,0.17,0.09,1.2,1,2.79,2.8,0.63,0.17,0.06,58.01,0.09,59120035
17,357,PARA,24.05B,0.03,0.08,0.22,0.14,1.8,1.6,0.79,0.79,0.38,0.22,0.16,36.87,0.02,9878172
18,358,PAYC,20.66B,,0.06,0.24,0.21,1.1,1.1,0.03,0.03,0.85,0.24,0.19,343.11,0.05,618238
19,359,PAYX,45.32B,0.02,0.14,0.42,0.3,1.3,1.3,0.26,0.26,,0.39,0.3,125.62,0.01,1413724
20,360,PBCT,9.06B,0.03,0.01,0.08,0.16,,,0.13,0.13,,0.94,0.37,21.09,0.01,3547983
1,361,PCAR,31.38B,0.02,0.07,0.17,0.09,4.1,3.8,0.91,0.91,0.19,0.1,0.08,90.27,0,1811390
2,362,PEAK,17.94B,0.04,0.03,0.08,0.01,,,0.95,0.95,0.6,0.05,0.27,33.26,0,4369177
3,363,PEG,34.02B,0.03,0.01,0.04,0.02,0.9,0.8,1.05,1.35,,0.12,0.07,67.75,0,3415136
4,364,PENN,7.56B,,0.03,0.13,0.08,2,2,1.72,1.76,0.47,0.18,0.07,44.91,0,4550336
5,365,PEP,222.65B,0.03,0.08,0.5,0.16,0.8,0.7,2.25,2.51,0.53,0.14,0.1,160.94,0.01,3585323
6,366,PFE,305.01B,0.03,0.13,0.3,0.19,1.4,1.2,0.47,0.5,0.62,0.29,0.27,54.24,0.02,30550904
7,367,PFG,18.30B,0.04,0.01,0.11,0.09,,,0.27,0.27,,0.15,0.12,70.04,0.01,1362492
8,368,PG,360.11B,0.02,0.12,0.32,0.18,0.7,0.5,0.51,0.81,0.49,0.22,0.18,150.23,0,5998411
9,369,PGR,64.05B,0,0.05,0.19,0.16,,,0.28,0.28,,0.09,0.07,109.52,0.03,2260726
10,370,PH,37.11B,0.01,0.09,0.22,0.13,1.5,1.1,0.71,0.97,0.28,0.17,0.12,288.86,0.01,462941
11,371,PHM,11.77B,0.01,0.16,0.27,0.19,,,0.27,0.35,0.27,0.18,0.14,47.35,0.02,2129970
12,372,PKG,14.61B,0.03,0.11,0.24,0.15,3.1,2.1,0.69,0.69,0.24,0.15,0.11,156.26,0.01,536875
13,373,PKI,22.50B,0,0.08,0.17,0.08,2,1.5,0.7,0.7,0.56,0.26,0.19,178.36,0.01,561856
14,374,PLD,115.93B,0.02,0.05,0.09,0.03,,,0.5,0.53,0.74,0.3,0.62,156.66,0.01,2217843
15,375,PM,144.65B,0.05,0.22,0.84,0.58,0.9,0.5,,,0.68,0.41,0.29,93.33,0,6725768
16,376,PNC,81.60B,0.03,0.01,0.1,0.12,,,0.55,0.55,,,0.49,193.07,0,2194817
17,377,PNR,9.40B,0.01,0.12,0.24,0.17,1.2,0.7,0.37,0.37,0.35,0.17,0.15,56.95,0,1787842
18,378,PNW,8.39B,0.05,0.03,0.11,0.05,0.9,0.7,1.17,1.25,,0.21,0.16,74.32,0,787188
19,379,POOL,19.09B,0.01,0.26,0.73,0.29,2.4,0.6,1.09,1.1,0.31,0.16,0.12,475.15,0.02,216155
20,380,PPG,30.39B,0.02,0.07,0.23,0.1,1.4,1,1.05,1.05,0.39,0.1,0.09,128.68,0.01,1905566
1,381,PPL,19.70B,0.03,0.04,0.11,0.04,2.2,2,0.78,0.82,0.87,0.25,0.26,26.79,0.01,7582932
2,382,PRU,43.39B,0.04,0.01,0.12,0.1,,,0.31,0.32,,0.13,0.11,115.4,0.01,1858414
3,383,PSA,64.18B,0.02,0.12,0.35,0.13,,,1.43,1.43,0.73,0.49,0.51,365.78,0.02,602187
4,384,PSX,42.86B,0.05,0.02,0.07,0.04,1.1,0.9,0.68,0.75,0.08,0.01,0.01,77.55,0.01,4836617
5,385,PTC,12.95B,,0.12,0.27,0.13,1.3,1.3,0.74,0,0.79,0.19,0.27,110.73,0.01,657610
6,386,PVH,5.73B,0,0.04,0.1,0.12,1.5,0.9,0.5,0.52,0.57,0.1,0.06,81.95,0.02,1348730
7,387,PWR,17.93B,0,0.05,0.1,0.06,1.5,1.5,0.73,0.73,0.15,0.05,0.04,125.66,0.02,763101
8,388,PXD,58.63B,0.02,0.06,0.1,0.18,1.5,1.4,0.29,0.3,0.53,0.34,0.12,241.39,0.05,2594376
9,389,PYPL,130.67B,,0.06,0.2,0.14,1.2,1.2,0.37,0.42,0.47,0.17,0.16,112.16,0.04,21916446
10,390,QCOM,172.24B,0.02,0.25,1.08,0.33,1.6,1.3,1.21,1.39,0.58,0.31,0.28,152.83,0.02,8517647
11,391,QRVO,13.97B,,0.15,0.24,0.12,3.6,2.6,0.44,0,0.49,0.27,0.25,128.81,0.01,789592
12,392,RCL,19.11B,,0.16,0.74,0.15,0.5,0.5,3.71,4.15,0.71,,,74.96,0.01,2729831
13,393,RE,11.20B,0.02,0.04,0.14,0.11,,,0.3,0,,0.14,0.12,285.18,0.01,211669
14,394,REG,11.56B,0.04,0.03,0.06,0.04,,,0.62,0.62,0.72,0.32,0.31,67.43,0.01,1023488
15,395,REGN,74.37B,,0.37,0.51,0.36,3.6,3.2,0.11,0.14,0.85,0.56,0.5,685.23,0.01,808097
16,396,RF,21.81B,0.03,0.02,0.15,0.2,,,0.14,0.14,,,0.59,23.27,0.01,7485697
17,397,RHI,13.08B,0.01,0.21,0.47,0.43,1.7,1.7,0,0,0.42,0.12,0.09,118.2,0.02,471555
18,398,RJF,21.74B,0.01,0.03,0.19,0.03,,,0.34,4.33,0.96,0.19,0.15,104.73,0.01,792178
19,399,RL,8.48B,0.02,0.06,0.18,0.02,1.9,1.5,0.55,0.74,0.67,0.12,0.08,119.22,0.05,1183478
20,400,RMD,37.91B,0.01,0.11,0.18,0.14,2.5,1.5,0.21,0.22,0.57,0.28,0.15,259.22,0.02,364145
1,401,ROK,31.49B,0.02,0.11,0.45,0.21,1.1,0.8,1.38,1.63,0.41,0.15,0.14,271,0.01,568934
2,402,ROL,16.85B,0.01,0.18,0.33,0.26,0.7,0.7,0.13,0.14,0.52,0.18,0.15,34.25,0.01,1449152
3,403,ROP,48.79B,0.01,0.05,0.1,0.06,0.8,0.7,0.62,0.69,0.68,0.26,0.2,461.98,0.02,360208
4,404,ROST,32.58B,0.01,0.1,0.36,0.03,1.8,1.3,0.62,0.63,0.28,0.1,0.07,92.21,0.01,2454624
5,405,RSG,41.62B,0.01,0.05,0.15,0.1,0.7,0.7,1.06,1.06,0.4,0.18,0.11,131.53,0.01,897089
6,406,RTX,145.88B,0.02,0.02,0.05,0.03,1.2,0.9,0.43,0.43,0.2,0.07,0.06,97.75,0.02,6531479
7,407,SBAC,35.62B,0.01,0.02,0.05,0.1,1,1,,,0.76,0.32,0.1,330.07,0.01,540931
8,408,SBNY,19.85B,0.01,0.01,0.1,0.16,,,0.07,0.07,,0.81,0.35,316.39,0.01,817816
9,409,SBUX,100.84B,0.02,0.15,0.62,0.49,0.8,0.6,,,0.29,0.2,0.15,87.66,0,8461485
10,410,SCHW,170.04B,0.01,0.01,0.12,0.01,,,0.41,10.1,0.98,0.41,0.28,89.78,0.01,6686749
11,411,SEDG,16.62B,,0.06,0.14,0.1,3.3,2.5,0.51,0,0.32,0.11,0.09,314.6,0.06,1599111
12,412,SEE,10.12B,0.01,0.08,3.55,0.16,1,0.7,12.95,14.91,0.3,0.16,0.09,68.28,0.02,673786
13,413,SHW,64.49B,0.01,0.09,0.68,0.15,0.9,0.5,3.52,3.95,0.43,0.11,0.09,247.52,0.01,1408232
14,414,SIVB,33.21B,,0.01,0.16,0.16,,,0.2,0.2,,0.93,0.54,564.73,0.01,502718
15,415,SJM,14.05B,0.03,0.04,0.07,0.09,1.2,0.6,0.52,0.53,0.35,0.12,0.07,129.58,0,551785
16,416,SLB,55.83B,0.01,0.05,0.14,0.08,1.2,0.9,0.89,0.95,0.16,0.12,0.08,39.51,0.04,37917254
17,417,SNA,11.24B,0.03,0.12,0.2,0.16,3.1,2.3,0.28,0.29,0.54,0.24,0.18,210.35,0.02,408824
18,418,SNPS,46.55B,,0.11,0.17,0.13,1.2,1.1,0,0,0.8,0.21,0.2,304.05,0.01,1150809
19,419,SO,72.53B,0.04,0.02,0.09,0.04,0.8,0.6,1.8,1.93,0.87,0.16,0.1,68.41,0,5034643
20,420,SPG,43.26B,0.05,0.07,0.7,0.08,,,7.63,7.63,0.81,0.46,0.44,131.65,0,2043798
1,421,SPGI,146.21B,0.01,0.22,1.96,0.54,2.3,2.3,2.02,2.02,0.74,0.51,0.37,402.66,0.03,2392102
2,422,SRE,49.19B,0.03,0.02,0.05,0.02,0.4,0.4,0.84,0.98,0.95,0.1,0.1,155.83,0.01,2222666
3,423,STE,23.23B,0.01,0.03,0.05,0.08,2.1,1.5,0.48,0.5,0.43,0.11,0.07,232.01,0.02,356909
4,424,STT,32.23B,0.03,0.01,0.11,0.04,,,0.53,0.53,,,,88.05,0.01,1520054
5,425,STX,20.16B,0.03,0.15,1.94,0.25,1.3,0.9,8.14,8.55,0.3,0.13,0.11,92.1,0.02,1755953
6,426,STZ,41.70B,0.01,0,0,0.09,1.5,0.8,0.9,0.92,0.53,0.25,0.01,221.77,0,646279
7,427,SWK,24.56B,0.02,0.07,0.16,0.1,1,0.4,0.4,0.6,0.34,0.12,0.11,150.29,0.01,2833328
8,428,SWKS,21.81B,0.02,0.18,0.27,0.2,4.2,3,0.41,0.41,0.48,0.29,0.27,132.96,0.01,1499732
9,429,SYF,19.52B,0.02,0.05,0.32,0.45,,,1.12,1.12,,0.89,0.27,37.45,0.01,8270920
10,430,SYK,99.67B,0.01,0.06,0.14,0.08,2.2,1.5,0.84,0.84,0.62,0.15,0.12,264,0.01,1453615
11,431,SYY,40.47B,0.02,0.04,0.54,0.11,1.3,0.8,8.68,9.08,0.18,0.03,0.01,79.75,0,2081530
12,432,T,165.64B,0.09,0.04,0.12,0.05,0.7,0.7,0.92,1.07,0.53,0.14,0.12,23.19,0,31013824
13,433,TAP,11.41B,0.01,0.04,0.08,0.06,0.8,0.5,0.5,0.53,0.39,0.14,0.1,52.39,0.01,1203151
14,434,TDG,36.77B,,0.04,0.25,0.1,5.1,4.2,,,0.55,0.38,0.15,663.02,0.01,285463
15,435,TDY,20.43B,,0.04,0.07,0.04,1.6,1.1,0.54,0.54,0.4,0.13,0.1,432.91,0.01,254524
16,436,TECH,16.96B,0,0.09,0.13,0.12,3.8,3,0.16,0.17,0.68,0.26,0.2,431.73,0.02,174589
17,437,TEL,43.19B,0.02,0.12,0.24,0.16,1.7,1,0.32,0.36,0.33,0.18,0.16,132.66,0.01,2224340
18,438,TER,19.59B,0,0.27,0.41,0.38,3.2,2.9,0.03,0.04,0.6,0.32,0.27,120.6,0.03,2125138
19,439,TFC,78.15B,0.03,0.01,0.1,0.13,,,0.56,0.56,,,0.44,58.84,0.01,9081773
20,440,TFX,16.27B,0,0.07,0.14,0.1,2.1,1.4,0.46,0.49,0.55,0.22,0.17,347.05,0.02,221340
1,441,TGT,102.02B,0.02,0.13,0.49,0.28,1,0.4,1.06,1.07,0.29,0.09,0.07,220.63,0.02,3646578
2,442,TJX,74.26B,0.02,0.08,0.41,0.03,1.3,0.7,0.52,0.52,0.29,0.07,0.05,62.25,0,8137534
3,443,TMO,223.86B,0,0.1,0.2,0.11,1.5,1.1,0.79,0.85,0.5,0.24,0.2,572.25,0.02,1326076
4,444,TMUS,161.10B,,0.02,0.05,0.04,0.9,0.8,1.05,1.15,0.57,0.09,0.04,128.95,0.01,4972722
5,445,TPR,9.88B,0.02,0.1,0.27,0.17,1.7,1.3,0.41,0.54,0.71,0.17,0.13,37.43,0.01,4040275
6,446,TRMB,17.61B,,0.07,0.13,0.09,1.2,0.9,0.33,0.33,0.56,0.15,0.14,70.1,0.03,1335428
7,447,TROW,33.53B,0.03,0.26,0.36,0.31,,,0,0,,0.48,0.39,146.99,0.01,1976394
8,448,TRV,43.72B,0.02,0.03,0.13,0.11,,,0.25,0.25,,0.14,0.1,181.03,0.01,1641159
9,449,TSCO,26.23B,0.02,0.13,0.51,0.34,1.6,0.5,0.51,0.51,0.35,0.1,0.08,232.6,0.02,733129
10,450,TSLA,875.31B,,0.1,0.21,0.16,1.4,1.1,0.17,0.23,0.25,0.12,0.1,871.6,0.04,21996504
11,451,TSN,32.11B,0.02,0.1,0.22,0.13,1.7,0.9,0.45,0.51,0.15,0.1,0.08,88.6,0.02,2608948
12,452,TT,36.77B,0.02,0.08,0.22,0.15,1.4,1,0.72,0.77,0.32,0.14,0.1,157.43,0.01,1187065
13,453,TTWO,17.26B,,0.08,0.15,0.16,1.8,1.8,0,0,0.6,0.18,0.15,149.51,0,1533998
14,454,TWTR,29.86B,,0.02,0.03,0.02,5.9,5.9,0.58,0.58,0.65,0.08,0.04,37.3,0.05,30774067
15,455,TXN,164.83B,0.03,0.35,0.66,0.37,5.3,4.6,0.54,0.58,0.68,0.49,0.42,178.47,0.01,4929572
16,456,TXT,16.25B,0,0.05,0.12,0.07,2.4,1.3,0.55,0.55,0.17,0.07,0.06,75.13,0.02,1329653
17,457,TYL,17.52B,,0.04,0.07,0.05,1.2,1.2,0.56,0.58,0.45,0.11,0.1,423.79,0.02,158643
18,458,UA,6.97B,,,,,,,,,,,,15.42,0.02,2847938
19,459,UAA,7.79B,,0.07,0.19,0.25,2.3,1.7,0.32,0,0.5,0.09,0.06,17.16,0.01,4896105
20,460,UAL,13.45B,,0.03,0.38,0.01,1.2,1.1,6.08,6.69,0.52,0.04,0.08,41.42,0.01,16951910
1,461,UDR,18.29B,0.03,0.01,0.05,0.03,,,1.53,1.59,0.65,0.18,0.11,57.47,0.01,1562832
2,462,UHS,11.15B,0.01,0.08,0.16,0.1,1.1,1,0.68,0.69,,0.11,0.08,149.09,0,660964
3,463,ULTA,20.96B,,0.14,0.38,0.12,1.7,0.6,0,0,0.39,0.11,0.08,387.31,0,703824
4,464,UNH,477.06B,0.01,0.08,0.25,0.17,,,0.59,0.64,,0.08,0.06,507.02,0.02,2355621
5,465,UNP,167.86B,0.02,0.1,0.45,0.17,0.6,0.5,1.95,2.1,0.81,0.43,0.3,263.56,0,3760149
6,466,UPS,193.51B,0.02,0.2,1.17,0.25,1.4,1.4,1.39,1.54,0.77,0.13,0.13,222.32,0.02,3509130
7,467,URI,25.11B,,0.07,0.26,0.12,0.8,0.8,1.47,1.62,0.4,0.23,0.14,346.77,0.03,907345
8,468,USB,84.13B,0.03,0.01,0.16,0.14,,,0.64,0.64,,,0.56,56.65,0.01,6937208
9,469,V,447.57B,0.01,0.16,0.38,0.22,1.4,1.4,0.53,0.63,0.8,0.66,0.5,213.45,0.01,6663488
10,470,VFC,22.26B,0.03,0.1,0.41,0.06,1.4,1,1.27,1.44,0.55,0.13,0.12,57.23,0.01,3931243
11,471,VLO,36.46B,0.04,0.02,0.05,0.06,1.3,0.9,0.68,0.75,0.03,0.02,0.01,89.09,0.05,4173008
12,472,VMC,24.31B,0.01,0.05,0.11,0.08,2.2,1.5,0.6,0.61,0.25,0.18,0.12,183.07,0.01,522587
13,473,VNO,8.71B,0.05,0.01,0.02,0.02,,,1.7,1.7,0.5,0.14,0.06,45.42,0,1484940
14,474,VRSK,32.64B,0.01,0.09,0.24,0.13,0.5,0.5,0.83,1.18,0.65,0.33,0.22,202.41,0.04,1866146
15,475,VRSN,23.43B,,0.43,0.57,1.65,1.2,1.2,,,0.86,0.65,0.59,212.66,0.03,791426
16,476,VRTX,63.65B,,0.19,0.25,0.23,4.5,4.3,0.05,0.05,0.88,0.37,0.31,250,0.01,1378221
17,477,VTR,23.67B,0.03,0,0.01,0.01,,,1.08,1.08,0.45,0.08,0.01,59.25,0.01,2154720
18,478,VTRS,12.87B,0.04,0.02,0.06,0.02,1.1,0.7,0.96,1.13,0.37,0,0.07,10.64,0.02,10919332
19,479,VZ,219.80B,0.05,0.06,0.29,0.11,0.8,0.7,1.75,1.84,0.58,0.23,0.17,52.36,0,22916116
20,480,WAB,17.46B,0.01,0.03,0.05,0.05,1.3,0.7,0.4,0.4,0.31,0.11,0.07,94.22,0.01,1024558
1,481,WAT,20.02B,,0.22,2.39,0.38,2.4,1.9,4.12,4.12,0.59,0.3,0.25,330.79,0.01,297756
2,482,WBA,40.99B,0.04,0.07,0.28,0.05,0.8,0.4,0.46,0.57,0.22,0.03,0.05,47.48,0,5732676
3,483,WDC,15.29B,,0.08,0.18,0.06,1.9,1.2,0.59,0.61,0.32,0.13,0.11,48.86,0.01,2454247
4,484,WEC,30.22B,0.03,0.03,0.12,0.06,0.7,0.5,1.24,1.43,0.6,0.2,0.16,95.79,0.01,2356644
5,485,WELL,41.16B,0.03,0.01,0.02,0.02,,,0.81,0.81,0.43,0.14,0.07,92.01,0.01,1938165
6,486,WFC,196.37B,0.02,0.01,0.12,0.11,,,0.96,0.96,,,0.51,51.48,0,29902273
7,487,WHR,11.43B,0.04,0.09,0.38,0.18,1.1,0.8,1.02,1.08,0.2,0.11,0.08,195.46,0.01,573150
8,488,WM,64.52B,0.02,0.06,0.25,0.11,0.8,0.7,1.78,1.88,0.47,0.15,0.1,155.63,0.01,1337904
9,489,WMB,38.33B,0.05,0.03,0.13,0.06,0.9,0.8,1.9,2.08,0.62,0.25,0.14,31.53,0.01,8919724
10,490,WMT,402.24B,0.02,0.04,0.13,0.06,0.9,0.3,0.49,0.52,0.25,0.03,0.02,145.01,0,6338106
11,491,WRB,16.84B,0.01,0.03,0.16,0.12,,,0.49,0.49,,0.15,0.11,95.24,0.01,803738
12,492,WRK,12.59B,0.02,0.03,0.08,0.05,1.6,0.9,0.68,0.7,0.18,0.07,0.05,47.82,0.01,3633574
13,493,WST,30.10B,0,0.22,0.32,0.25,2.9,2.3,0.09,0.11,0.42,0.27,0.23,405.24,0.02,296829
14,494,WTW,27.42B,0.01,0.11,0.35,0.11,1.3,1.3,0.3,0.35,,0.29,0.47,232.86,0.01,836137
15,495,WY,29.49B,0.02,0.15,0.26,0.19,3.3,2.7,0.47,0.47,0.4,0.36,0.26,39.51,0.01,5131705
16,496,WYNN,8.91B,,0.06,,0.03,2.2,2.2,,,0.32,0.11,0.2,76.91,0.02,2912470
17,497,XEL,37.93B,0.03,0.03,0.11,0.06,0.8,0.7,1.4,1.5,0.92,0.16,0.12,69.7,0.01,3891829
18,498,XOM,334.37B,0.04,0.07,0.14,0.07,1,0.7,0.26,0.28,0.31,0.08,0.08,78.98,0.03,33965258
19,499,XRAY,10.61B,0.01,0.05,0.08,0.07,1.5,1.1,0.38,0.42,0.56,0.15,0.1,48.76,0,2615183
20,500,XYL,15.85B,0.01,0.05,0.14,0.09,2.3,1.8,0.76,0.76,0.38,0.11,0.08,88.1,0.01,1647818
1,501,YUM,34.40B,0.02,0.27,0.2,0.71,1.1,1.1,,,0.48,0.33,0.24,119.03,0,1483028
2,502,ZBH,25.58B,0.01,0.02,0.03,0.03,1.4,0.7,0.43,0.56,0.7,0.08,0.05,122.28,0,1829936
3,503,ZBRA,22.26B,,0.15,0.31,0.21,0.9,0.7,0.31,0.33,0.47,0.17,0.15,419.35,0.04,537879
4,504,ZION,10.36B,0.02,0.01,0.15,0.27,,,0.14,0.14,,,0.48,68.34,0.01,1884326
5,505,ZTS,91.41B,0.01,0.15,0.46,0.18,3.9,2.8,1.45,1.45,0.71,0.32,0.26,193.68,0.01,2199064